image,category,people_count,person_id,left_elbow_angle,right_elbow_angle,left_knee_angle,right_knee_angle,shoulder_angle,hip_angle,left_wrist_shoulder_distance,right_wrist_shoulder_distance,left_ankle_hip_distance,right_ankle_hip_distance
"10,.jpg",sitting\single,1,0,128.91,159.01,149.46,133.36,76.38,103.59,0.473,0.4513,0.3532,0.3665
10.jpg,sitting\single,1,0,15.06,107.06,74.97,67.24,86.27,59.65,0.0545,0.314,0.3391,0.3162
3.jpg,sitting\single,1,0,158.13,172.5,21.41,24.03,95.22,66.69,0.3033,0.395,0.1094,0.1397
4.jpg,sitting\single,1,0,107.17,10.39,73.56,103.16,68.48,111.47,0.2854,0.0334,0.2124,0.1987
"5,.jpg",sitting\single,1,0,104.02,38.38,111.46,63.96,82.43,110.05,0.2758,0.1151,0.2511,0.2752
5.jpg,sitting\single,1,0,31.78,64.69,71.24,85.01,84.73,87.87,0.1297,0.245,0.37,0.4611
"6,.jpg",sitting\single,1,0,110.24,177.32,83.06,77.07,73.8,111.34,0.3075,0.206,0.2347,0.2816
6.jpg,sitting\single,1,0,80.6,30.16,58.9,70.4,59.15,128.54,0.2271,0.0578,0.1883,0.2162
"8,.jpg",sitting\single,1,0,10.33,10.94,57.81,157.37,74.81,106.43,0.0435,0.042,0.3158,0.5035
8.jpg,sitting\single,1,0,126.13,29.48,83.48,74.62,80.23,102.12,0.3488,0.0821,0.2912,0.265
"9,.jpg",sitting\single,1,0,63.55,73.55,143.44,76.4,63.91,114.29,0.1113,0.1837,0.449,0.189
9.jpg,sitting\single,1,0,69.39,128.85,36.61,45.08,95.71,72.71,0.1772,0.3797,0.2122,0.2701
i2.jpg,sitting\single,1,0,108.56,146.31,102.13,82.7,68.02,128.17,0.2523,0.1981,0.301,0.2864
i3.jpg,sitting\single,1,0,28.73,169.73,125.05,8.87,87.59,94.94,0.0809,0.2529,0.2505,0.1232
img1.jpg,sitting\single,1,0,68.39,30.9,100.12,34.57,82.3,88.11,0.1174,0.111,0.3066,0.1724
images (1).jpg,standing\single,1,0,126.53,164.54,151.22,177.33,75.72,107.63,0.276,0.2181,0.396,0.3728
images.jpg,standing\single,1,0,174.67,157.6,130.34,178.03,84.31,101.35,0.1736,0.1813,0.3033,0.2653
img 11.jpg,standing\single,1,0,147.71,84.35,161.86,174.84,81.46,99.05,0.1268,0.1477,0.2772,0.3128
img 5.jpg,standing\single,1,0,106.71,158.99,176.32,178.78,75.79,105.71,0.1062,0.1004,0.196,0.1943
img.jpg,standing\single,1,0,124.7,39.76,171.82,173.92,77.48,96.84,0.3246,0.1651,0.5104,0.5101
img1.jpg,standing\single,1,0,110.88,164.49,177.04,177.04,80.68,98.32,0.3434,0.439,0.5131,0.5189
img10.jpg,standing\single,1,0,80.19,36.94,161.94,179.55,89.59,97.03,0.1204,0.0788,0.4048,0.4086
img11.jpg,standing\single,1,0,55.8,26.95,163.53,168.76,91.53,89.75,0.1159,0.0505,0.3105,0.2891
img12.jpg,standing\single,1,0,132.19,33.88,173.56,178.46,72.6,105.44,0.238,0.0812,0.3969,0.3952
img13.jpg,standing\single,1,0,53.37,81.07,177.32,179.11,74.01,106.67,0.1642,0.2198,0.3848,0.3725
img14.jpg,standing\single,1,0,120.31,18.61,173.09,169.22,79.69,97.03,0.2033,0.0572,0.3396,0.3194
img15.jpg,standing\single,1,0,172.9,172.55,177.25,177.37,66.58,107.11,0.2381,0.2195,0.3362,0.3688
img16.jpg,standing\single,1,0,156.22,149.38,101.27,156.45,99.84,128.34,0.2169,0.3529,0.3828,0.4034
img17.jpg,standing\single,1,0,46.8,147.9,165.75,177.01,125.48,61.03,0.1645,0.1986,0.3561,0.3405
img18.jpg,standing\single,1,0,176.9,143.25,172.23,172.61,67.42,103.89,0.234,0.2225,0.3072,0.308
img19.jpg,standing\single,1,0,60.48,71.21,175.94,172.95,78.38,102.26,0.0789,0.1346,0.3242,0.3396
img2.jpg,standing\single,1,0,142.83,158.44,176.35,168.64,82.33,100.17,0.1968,0.1861,0.356,0.3454
img20.jpg,standing\single,1,0,33.42,115.28,173.73,174.34,81.1,103.98,0.1068,0.191,0.3257,0.3418
img21.jpg,standing\single,1,0,12.04,125.88,135.08,124.12,86.29,102.42,0.0338,0.2065,0.2666,0.2643
img3.jpg,standing\single,1,0,71.31,169.79,177.09,107.27,85.8,91.51,0.1471,0.3129,0.2841,0.3154
img5.jpg,standing\single,1,0,35.79,57.49,174.96,179.35,91.04,95.98,0.1216,0.175,0.4772,0.4557
img7.jpg,standing\single,1,0,176.91,35.62,174.3,174.64,78.2,95.81,0.2026,0.0766,0.3714,0.403
img8.jpg,standing\single,1,0,31.88,167.05,170.43,176.63,85.55,97.69,0.0797,0.2115,0.2849,0.3076
img9.jpg,standing\single,1,0,158.25,161.48,179.08,177.22,97.98,85.83,0.1846,0.2014,0.2844,0.3302
WhatsApp Image 2026-10-05 at 7.24.30 PM (1).jpeg,standing\single,1,0,19.32,175.35,172.48,164.98,70.66,106.13,0.0465,0.1936,0.2846,0.3397
WhatsApp Image 2026-10-05 at 7.24.31 PM.jpeg,standing\single,1,0,84.07,168.08,179.77,166.3,75.83,101.0,0.0934,0.1763,0.259,0.2314
WhatsApp Image 2026-10-05 at 7.28.11 PM.jpeg,standing\single,1,0,85.57,81.66,177.07,174.87,81.27,99.45,0.128,0.1201,0.2541,0.2432
WhatsApp Image 2026-10-05 at 7.28.19 PM.jpeg,standing\single,1,0,174.64,164.44,159.5,176.84,102.92,94.37,0.116,0.1563,0.2594,0.267
WhatsApp Image 2026-10-05 at 7.28.20 PM.jpeg,standing\single,1,0,162.46,124.65,175.52,178.41,74.79,105.81,0.2087,0.1983,0.27,0.2606
WhatsApp Image 2026-10-05 at 7.28.21 PM.jpeg,standing\single,1,0,160.38,38.89,170.42,174.7,77.73,100.18,0.1612,0.0561,0.2136,0.2069
